nome_produto,url,categoria,porcao,calorias,carboidratos,proteinas,gorduras_totais,gorduras_saturadas,fibras,acucares,sodio
Vitao Cocada Ao Leite Zero Adição de Açúcares,https://www.fatsecret.com.br/calorias-nutri%C3%A7%C3%A3o/vitao/cocada-ao-leite-zero-adi%C3%A7%C3%A3o-de-a%C3%A7%C3%BAcares/1-por%C3%A7%C3%A3o,Produto Vitao,20,57,7.4,1.1,1.8,1.2,0.0,0.0,20
Vitao Semente de Linhaça Marrom,https://www.fatsecret.com.br/calorias-nutri%C3%A7%C3%A3o/vitao/semente-de-linha%C3%A7a-marrom/1-colher-de-sopa,Produto Vitao,15,80,4.3,2.7,6.3,0.5,4.1,0.0,0
Vitao Extrato de Soja,https://www.fatsecret.com.br/calorias-nutri%C3%A7%C3%A3o/vitao/extrato-de-soja/2-colheres-de-sopa,Produto Vitao,30,141,7.8,11.0,7.0,1.4,0.7,0.0,18
Vitao Amaranto em Flocos,https://www.fatsecret.com.br/calorias-nutri%C3%A7%C3%A3o/vitao/amaranto-em-flocos/1-2-xicara,Produto Vitao,45,159,32.0,7.0,3.2,0.6,0.0,0.0,0
Vitao Proteína de Soja Média,https://www.fatsecret.com.br/calorias-nutri%C3%A7%C3%A3o/vitao/prote%C3%ADna-de-soja-m%C3%A9dia/1-por%C3%A7%C3%A3o,Produto Vitao,50,170,15.0,26.0,0.6,0.1,8.0,0.0,8
Vitao Chocolate Meio Amargo Zero,https://www.fatsecret.com.br/calorias-nutri%C3%A7%C3%A3o/vitao/chocolate-meio-amargo-zero/1-unidade,Produto Vitao,22,123,11.0,1.1,8.3,4.9,2.8,0.1,0
Vitao Cookies Integral Cacau,https://www.fatsecret.com.br/calorias-nutri%C3%A7%C3%A3o/vitao/cookies-integral-cacau/4-unidades,Produto Vitao,30,129,19.0,2.1,5.2,0.8,1.3,0.0,35
Vitao Fécula de Mandioca,https://www.fatsecret.com.br/calorias-nutri%C3%A7%C3%A3o/vitao/f%C3%A9cula-de-mandioca/2-colheres-de-sopa,Produto Vitao,20,66,16.0,0.0,0.0,0.0,0.0,0.0,0
Vitao Geleia de Amora Zero,https://www.fatsecret.com.br/calorias-nutri%C3%A7%C3%A3o/vitao/geleia-de-amora-zero/1-colher-de-sopa,Produto Vitao,20,12,3.0,0.0,0.0,0.0,0.7,0.1,7
Vitao Chia em Grãos,https://www.fatsecret.com.br/calorias-nutri%C3%A7%C3%A3o/vitao/chia-em-gr%C3%A3os/1-1-2-colher-de-sopa,Produto Vitao,15,54,0.8,2.3,4.6,0.5,5.4,0.8,2
Vitao Diet Cookies Integrais Morango com Cobertura de Chocolate,https://www.fatsecret.com.br/calorias-nutri%C3%A7%C3%A3o/vitao/diet-cookies-integrais-morango-com-cobertura-de-chocolate/6-unidades,Produto Vitao,30,125,21.0,2.2,5.0,3.0,3.0,0.0,81
Vitao Cookies Integrais Proteico Zero Adição de Açúcares Cacau com Grãos Ancestrais e Cobertura de Chocolate,https://www.fatsecret.com.br/calorias-nutri%C3%A7%C3%A3o/vitao/cookies-integrais-proteico-zero-adi%C3%A7%C3%A3o-de-a%C3%A7%C3%BAcares-cacau-com-gr%C3%A3os-ancestrais-e-cobertura-de-chocolate/1-por%C3%A7%C3%A3o,Produto Vitao,30,143,10.0,5.3,9.4,6.4,2.1,0.0,68
Vitao Macarrão Integral,https://www.fatsecret.com.br/calorias-nutri%C3%A7%C3%A3o/vitao/macarr%C3%A3o-integral/1-x%C3%ADcara-de-ch%C3%A1,Produto Vitao,80,284,55.0,11.5,2.0,0.7,7.5,0.0,0
Vitao Aveia em Flocos Finos,https://www.fatsecret.com.br/calorias-nutri%C3%A7%C3%A3o/vitao/aveia-em-flocos-finos/2-colheres-de-sopa,Produto Vitao,30,110,17.0,4.2,2.2,0.3,2.8,0.5,2
Vitao Farinha de Linhaça Marrom,https://www.fatsecret.com.br/calorias-nutri%C3%A7%C3%A3o/vitao/farinha-de-linha%C3%A7a-marrom/1-colher-de-sopa,Produto Vitao,15,40,0.7,4.8,2.0,0.7,5.1,0.0,7
Vitao Fibra de Trigo,https://www.fatsecret.com.br/calorias-nutri%C3%A7%C3%A3o/vitao/fibra-de-trigo/1-colher-de-sopa,Produto Vitao,10,22,6.4,1.6,0.0,0.0,4.3,0.0,0
Vitao Cacau em Pó,https://www.fatsecret.com.br/calorias-nutri%C3%A7%C3%A3o/vitao/cacau-em-p%C3%B3/1-por%C3%A7%C3%A3o,Produto Vitao,20,67,4.0,4.6,2.2,1.3,7.0,0.1,0
Vitao Sementes de Girassol Tostadas e Salgadas,https://www.fatsecret.com.br/calorias-nutri%C3%A7%C3%A3o/vitao/sementes-de-girassol-tostadas-e-salgadas/1-colher-de-sopa,Produto Vitao,15,89,1.7,3.1,7.7,0.7,0.0,0.0,178
Vitao Cocada com Maracujá,https://www.fatsecret.com.br/calorias-nutri%C3%A7%C3%A3o/vitao/cocada-com-maracuj%C3%A1/1-colher,Produto Vitao,20,62,9.0,1.8,2.1,1.6,0.5,0.4,30
Vitao Brigadeiro de Colher,https://www.fatsecret.com.br/calorias-nutri%C3%A7%C3%A3o/vitao/brigadeiro-de-colher/1-colher-de-sopa,Produto Vitao,20,18,3.0,0.6,0.6,0.3,0.0,0.9,14
Vitao Beijinho de Colher,https://www.fatsecret.com.br/calorias-nutri%C3%A7%C3%A3o/vitao/beijinho-de-colher/1-por%C3%A7%C3%A3o,Produto Vitao,20,76,10.0,2.1,3.2,1.1,0.1,0.9,33
Vitao Doce de Leite Zero Adição de Açúcares,https://www.fatsecret.com.br/calorias-nutri%C3%A7%C3%A3o/vitao/doce-de-leite-zero-adi%C3%A7%C3%A3o-de-a%C3%A7%C3%BAcares/1-colher-de-sopa,Produto Vitao,20,60,8.0,2.0,2.2,1.4,0.0,1.0,35
Vitao Cookies Zero Tradicional,https://www.fatsecret.com.br/calorias-nutri%C3%A7%C3%A3o/vitao/cookies-zero-tradicional/1-pacotinho,Produto Vitao,20,90,11.0,1.5,3.2,0.8,1.3,0.2,33
Vitao Chocolate Soulpro Branco,https://www.fatsecret.com.br/calorias-nutri%C3%A7%C3%A3o/vitao/chocolate-soulpro-branco/1-por%C3%A7%C3%A3o,Produto Vitao,40,240,15.0,8.4,13.0,7.7,0.0,2.4,38
Vitao Cocada com Ameixa,https://www.fatsecret.com.br/calorias-nutri%C3%A7%C3%A3o/vitao/cocada-com-ameixa/1-colher,Produto Vitao,20,56,7.0,1.6,2.4,0.9,0.0,0.0,13
Vitao Proteína de Soja,https://www.fatsecret.com.br/calorias-nutri%C3%A7%C3%A3o/vitao/prote%C3%ADna-de-soja/1-x%C3%ADcara-de-ch%C3%A1,Produto Vitao,50,185,15.0,26.0,0.6,0.1,8.0,0.0,10
Vitao Granola Tradicional Light,https://www.fatsecret.com.br/calorias-nutri%C3%A7%C3%A3o/vitao/granola-tradicional-light/1-2-x%C3%ADcara-de-ch%C3%A1,Produto Vitao,40,149,25.0,6.0,2.7,0.6,3.9,1.3,9
Vitao Biscoitos Integrais com Aveia,https://www.fatsecret.com.br/calorias-nutri%C3%A7%C3%A3o/vitao/biscoitos-integrais-com-aveia/4-unidades,Produto Vitao,30,136,21.0,2.6,4.7,0.9,2.2,0.0,74
Vitao Farinha de Aveia Integral,https://www.fatsecret.com.br/calorias-nutri%C3%A7%C3%A3o/vitao/farinha-de-aveia-integral/1-2-x%C3%ADcara,Produto Vitao,50,178,29.0,7.2,3.5,0.7,4.0,0.0,3
Vitao Mix de Sementes e Grãos,https://www.fatsecret.com.br/calorias-nutri%C3%A7%C3%A3o/vitao/mix-de-sementes-e-gr%C3%A3os/1-colher-de-sopa,Produto Vitao,15,72,2.0,3.0,5.9,0.7,3.1,0.0,2
Vitao Cookies Integrais Castanha de Caju,https://www.fatsecret.com.br/calorias-nutri%C3%A7%C3%A3o/vitao/cookies-integrais-castanha-de-caju/4-unidades,Produto Vitao,30,131,20.0,2.3,4.6,0.8,1.3,0.0,69
Vitao Diet Cookies Integrais Banana,https://www.fatsecret.com.br/calorias-nutri%C3%A7%C3%A3o/vitao/diet-cookies-integrais-banana/5-unidades,Produto Vitao,30,111,19.0,2.3,3.4,0.7,3.4,0.0,94
Vitao Granola Cacau e Coco,https://www.fatsecret.com.br/calorias-nutri%C3%A7%C3%A3o/vitao/granola-cacau-e-coco/1-2-x%C3%ADcara,Produto Vitao,40,156,26.0,4.2,3.2,1.2,3.2,5.2,15
Vitao Bolo de Caneca,https://www.fatsecret.com.br/calorias-nutri%C3%A7%C3%A3o/vitao/bolo-de-caneca/1-por%C3%A7%C3%A3o,Produto Vitao,55,208,40.0,5.0,3.0,0.0,1.0,0.0,150
Vitao Granola Tradicional,https://www.fatsecret.com.br/calorias-nutri%C3%A7%C3%A3o/vitao/granola-tradicional/1-2-x%C3%ADcara-de-ch%C3%A1,Produto Vitao,40,149,26.0,4.5,3.0,0.7,4.7,0.0,63
Vitao Drageados Cranberry com Chocolate Meio Amargo,https://www.fatsecret.com.br/calorias-nutri%C3%A7%C3%A3o/vitao/drageados-cranberry-com-chocolate-meio-amargo/1,Produto Vitao,30,117,17.0,1.1,6.0,3.5,3.4,8.3,0
Vitao Rolinho Wafer,https://www.fatsecret.com.br/calorias-nutri%C3%A7%C3%A3o/vitao/rolinho-wafer/1-pacote,Produto Vitao,25,94,20.0,1.8,0.8,0.3,0.5,0.3,207
Vitao Semente de Girassol,https://www.fatsecret.com.br/calorias-nutri%C3%A7%C3%A3o/vitao/semente-de-girassol/1-colher-de-sopa,Produto Vitao,15,90,1.0,3.9,7.8,0.9,1.2,0.0,91
Vitao Chocolate Ao Leite Diet,https://www.fatsecret.com.br/calorias-nutri%C3%A7%C3%A3o/vitao/chocolate-ao-leite-diet/1-unidade,Produto Vitao,22,123,10.0,2.0,8.1,4.7,0.5,0.0,24
Vitao Geleia de Morango Zero Açúcar,https://www.fatsecret.com.br/calorias-nutri%C3%A7%C3%A3o/vitao/geleia-de-morango-zero-a%C3%A7%C3%BAcar/1-colher-de-sopa,Produto Vitao,20,12,3.7,1.2,0.0,0.0,0.6,1.3,0
Vitao Cookies Original com Gotas Sabor Chocolate,https://www.fatsecret.com.br/calorias-nutri%C3%A7%C3%A3o/vitao/cookies-original-com-gotas-sabor-chocolate/1-por%C3%A7%C3%A3o,Produto Vitao,20,93,13.0,0.6,3.2,1.0,1.3,11.0,53
Vitao Chocolate Branco Morango & Cranberry,https://www.fatsecret.com.br/calorias-nutri%C3%A7%C3%A3o/vitao/chocolate-branco-morango-cranberry/4-quadrados,Produto Vitao,25,135,14.0,1.8,7.8,4.6,0.0,1.2,28
Vitao Chocolate Ao Leite 40% Cacau,https://www.fatsecret.com.br/calorias-nutri%C3%A7%C3%A3o/vitao/chocolate-ao-leite-40-cacau/1-por%C3%A7%C3%A3o,Produto Vitao,25,134,11.0,2.9,8.9,5.2,1.7,0.0,27
Vitao Creme de Avelã,https://www.fatsecret.com.br/calorias-nutri%C3%A7%C3%A3o/vitao/creme-de-avel%C3%A3/1-por%C3%A7%C3%A3o,Produto Vitao,20,133,11.0,0.9,7.1,2.4,0.9,0.0,0
Vitao Bolinho sem Glúten de Baunilha com Recheio de Morango,https://www.fatsecret.com.br/calorias-nutri%C3%A7%C3%A3o/vitao/bolinho-sem-gl%C3%BAten-de-baunilha-com-recheio-de-morango/1-unidade,Produto Vitao,35,111,15.0,1.1,5.3,1.1,1.5,0.1,45
Vitao Pipoca de Arroz Integral,https://www.fatsecret.com.br/calorias-nutri%C3%A7%C3%A3o/vitao/pipoca-de-arroz-integral/1-x%C3%ADcara-de-ch%C3%A1,Produto Vitao,25,95,11.0,0.9,0.0,0.0,0.0,0.0,0
Vitao eroSemente de Abóbora com Cacau e Açúcar Mascavo,https://www.fatsecret.com.br/calorias-nutri%C3%A7%C3%A3o/vitao/erosemente-de-ab%C3%B3bora-com-cacau-e-a%C3%A7%C3%BAcar-mascavo/100g,Produto Vitao,100,80,6.3,2.6,4.9,0.7,0.1,0.0,15
Vitao Diet Cookies Integrais,https://www.fatsecret.com.br/calorias-nutri%C3%A7%C3%A3o/vitao/diet-cookies-integrais/5-cookies,Produto Vitao,30,118,17.0,2.5,5.0,1.3,3.4,0.0,90
Vitao Cookies Integrais Proteínas,https://www.fatsecret.com.br/calorias-nutri%C3%A7%C3%A3o/vitao/cookies-integrais-prote%C3%ADnas/7-unidades,Produto Vitao,30,146,11.0,6.3,8.3,4.6,1.9,0.0,72
Vitao Geleia de Goiaba Zero Açúcar,https://www.fatsecret.com.br/calorias-nutri%C3%A7%C3%A3o/vitao/geleia-de-goiaba-zero-a%C3%A7%C3%BAcar/1-colher-de-sopa,Produto Vitao,20,14,3.5,0.0,0.0,0.0,1.0,0.0,7
Vitao Chocolate,https://www.fatsecret.com.br/calorias-nutri%C3%A7%C3%A3o/vitao/chocolate/100g,Produto Vitao,100,651,48.0,4.8,38.0,22.0,13.0,0.4,0
Vitao Biscoito Sabor Leite com Cobertura de Chocolate,https://www.fatsecret.com.br/calorias-nutri%C3%A7%C3%A3o/vitao/biscoito-sabor-leite-com-cobertura-de-chocolate/4-unidades,Produto Vitao,30,120,14.0,2.7,6.0,3.3,1.3,0.0,41
Vitao Bolo de Caneca Fubá,https://www.fatsecret.com.br/calorias-nutri%C3%A7%C3%A3o/vitao/bolo-de-caneca-fub%C3%A1/1-por%C3%A7%C3%A3o,Produto Vitao,55,212,42.0,5.0,3.0,1.0,0.9,0.1,151
Vitao Wafer de Morango,https://www.fatsecret.com.br/calorias-nutri%C3%A7%C3%A3o/vitao/wafer-de-morango/1-por%C3%A7%C3%A3o,Produto Vitao,30,140,20.0,1.2,6.1,2.1,2.5,0.3,26
Vitao Snacks Integrais Queijo,https://www.fatsecret.com.br/calorias-nutri%C3%A7%C3%A3o/vitao/snacks-integrais-queijo/1-pacote,Produto Vitao,40,170,25.0,2.3,6.4,1.0,1.1,0.2,145
Vitao Farinha de Arroz,https://www.fatsecret.com.br/calorias-nutri%C3%A7%C3%A3o/vitao/farinha-de-arroz/1-colher-de-sopa,Produto Vitao,20,70,16.0,1.0,0.0,0.0,0.0,0.0,0
Vitao Doce de Leite com Ameixa Zero Açúcar,https://www.fatsecret.com.br/calorias-nutri%C3%A7%C3%A3o/vitao/doce-de-leite-com-ameixa-zero-a%C3%A7%C3%BAcar/1-colher-de-sopa,Produto Vitao,20,13,2.0,0.4,0.4,0.2,0.0,0.7,14
Vitao Drageados Amêndoa Coberta com Chocolate Meio Amargo,https://www.fatsecret.com.br/calorias-nutri%C3%A7%C3%A3o/vitao/drageados-am%C3%AAndoa-coberta-com-chocolate-meio-amargo/1-quantidade,Produto Vitao,30,146,9.0,3.5,12.0,3.9,4.3,0.0,0
Vitao Cookies Integrais Light Castanha do Pará,https://www.fatsecret.com.br/calorias-nutri%C3%A7%C3%A3o/vitao/cookies-integrais-light-castanha-do-par%C3%A1/5-unidades,Produto Vitao,30,124,20.0,2.0,5.1,1.0,3.2,0.0,68
Vitao Semente de Linhaça Dourada,https://www.fatsecret.com.br/calorias-nutri%C3%A7%C3%A3o/vitao/semente-de-linha%C3%A7a-dourada/1-colher-de-sopa,Produto Vitao,15,72,1.5,2.6,6.2,0.6,3.6,0.0,0
Vitao Snacks Sabor Peito de Peru,https://www.fatsecret.com.br/calorias-nutri%C3%A7%C3%A3o/vitao/snacks-sabor-peito-de-peru/1-por%C3%A7%C3%A3o,Produto Vitao,25,75,16.0,1.4,0.6,0.2,1.1,0.0,9
Vitao Bolo de Caneca Chocolate,https://www.fatsecret.com.br/calorias-nutri%C3%A7%C3%A3o/vitao/bolo-de-caneca-chocolate/1-unidade,Produto Vitao,55,208,40.0,5.0,3.0,1.1,1.0,0.1,149
Vitao Soulpro Meio Amargo,https://www.fatsecret.com.br/calorias-nutri%C3%A7%C3%A3o/vitao/soulpro-meio-amargo/100g,Produto Vitao,100,607,38.0,21.0,33.0,19.0,5.2,0.0,39
Vitao Snacks Integrais Queijo,https://www.fatsecret.com.br/calorias-nutri%C3%A7%C3%A3o/vitao/snacks-integrais-queijo/2-x%C3%ADcaras,Produto Vitao,25,115,16.0,1.4,5.2,2.0,1.1,0.0,9
Vitao Cookies Integrais Coco,https://www.fatsecret.com.br/calorias-nutri%C3%A7%C3%A3o/vitao/cookies-integrais-coco/1-por%C3%A7%C3%A3o,Produto Vitao,30,137,21.0,2.0,5.0,1.7,1.5,0.0,68
Vitao Arroz Cateto Integral,https://www.fatsecret.com.br/calorias-nutri%C3%A7%C3%A3o/vitao/arroz-cateto-integral/1-por%C3%A7%C3%A3o,Produto Vitao,50,166,39.0,3.3,1.7,0.0,3.4,0.0,0
Vitao Granola Frutas Vermelhas,https://www.fatsecret.com.br/calorias-nutri%C3%A7%C3%A3o/vitao/granola-frutas-vermelhas/100g,Produto Vitao,100,368,59.0,12.0,7.0,1.4,7.9,13.0,26
Vitao Cobertura em Barra Sabor Chocolate Ao Leite - Zero Adição de Açúcares,https://www.fatsecret.com.br/calorias-nutri%C3%A7%C3%A3o/vitao/cobertura-em-barra-sabor-chocolate-ao-leite-zero-adi%C3%A7%C3%A3o-de-a%C3%A7%C3%BAcares/1-por%C3%A7%C3%A3o-de-25g,Produto Vitao,25,111,14.0,2.3,6.6,2.8,1.0,4.2,36
Vitao Granola Tradicional com Castanhas,https://www.fatsecret.com.br/calorias-nutri%C3%A7%C3%A3o/vitao/granola-tradicional-com-castanhas/100g,Produto Vitao,100,410,57.0,11.0,11.0,2.5,7.8,1.0,6
Vitao Aveia em Flocos Grossos,https://www.fatsecret.com.br/calorias-nutri%C3%A7%C3%A3o/vitao/aveia-em-flocos-grossos/2-colheres-de-sopa,Produto Vitao,30,105,18.0,4.0,2.4,0.4,3.2,0.0,0
Vitao Mix para Pão sem Glúten,https://www.fatsecret.com.br/calorias-nutri%C3%A7%C3%A3o/vitao/mix-para-p%C3%A3o-sem-gl%C3%BAten/1-fatia,Produto Vitao,50,104,19.0,1.8,2.5,0.5,1.0,0.0,128
Vitao Chocolate Branco,https://www.fatsecret.com.br/calorias-nutri%C3%A7%C3%A3o/vitao/chocolate-branco/1-unidade,Produto Vitao,22,120,15.0,0.1,6.8,4.6,0.0,0.0,27
Vitao Granola Keto,https://www.fatsecret.com.br/calorias-nutri%C3%A7%C3%A3o/vitao/granola-keto/1-por%C3%A7%C3%A3o,Produto Vitao,40,224,12.0,7.1,16.6,2.6,2.5,0.5,136
Vitao Cookies Integrais com Nozes,https://www.fatsecret.com.br/calorias-nutri%C3%A7%C3%A3o/vitao/cookies-integrais-com-nozes/3-1-2-unidades,Produto Vitao,30,125,19.0,2.1,4.3,0.7,1.2,0.0,69
Vitao Brigadeiro Zero Adição de Açúcares,https://www.fatsecret.com.br/calorias-nutri%C3%A7%C3%A3o/vitao/brigadeiro-zero-adi%C3%A7%C3%A3o-de-a%C3%A7%C3%BAcares/1-colher-de-sopa,Produto Vitao,20,54,8.0,1.6,1.6,0.9,0.0,0.0,53
Vitao Chocolate Meio Amargo com Amaranto e Quinoa,https://www.fatsecret.com.br/calorias-nutri%C3%A7%C3%A3o/vitao/chocolate-meio-amargo-com-amaranto-e-quinoa/1-barra,Produto Vitao,30,127,13.0,1.6,9.2,5.6,4.2,0.0,0
Vitao Chocolate Branco com Cereais,https://www.fatsecret.com.br/calorias-nutri%C3%A7%C3%A3o/vitao/chocolate-branco-com-cereais/1-unidade,Produto Vitao,30,142,18.0,2.1,8.8,5.4,0.0,3.2,39
Vitao Granola Premium Zero,https://www.fatsecret.com.br/calorias-nutri%C3%A7%C3%A3o/vitao/granola-premium-zero/1-2-chicara,Produto Vitao,40,160,25.0,4.4,4.6,1.2,3.8,0.0,57
Vitao Bananada,https://www.fatsecret.com.br/calorias-nutri%C3%A7%C3%A3o/vitao/bananada/1-por%C3%A7%C3%A3o,Produto Vitao,20,16,3.0,0.0,0.0,0.0,0.0,0.0,22
Vitao Cookies sem Glúten Cacau com Gotas de Cobertura Sabor Chocolate,https://www.fatsecret.com.br/calorias-nutri%C3%A7%C3%A3o/vitao/cookies-sem-gl%C3%BAten-cacau-com-gotas-de-cobertura-sabor-chocolate/7-unidades,Produto Vitao,30,129,19.0,1.4,4.9,1.3,2.1,0.0,86
Vitao Granola Grãos e Sementes,https://www.fatsecret.com.br/calorias-nutri%C3%A7%C3%A3o/vitao/granola-gr%C3%A3os-e-sementes/1-2-x%C3%ADcara,Produto Vitao,40,156,25.0,4.3,4.0,0.8,2.5,5.4,13
Vitao Farinha de Linhaça Dourada,https://www.fatsecret.com.br/calorias-nutri%C3%A7%C3%A3o/vitao/farinha-de-linha%C3%A7a-dourada/1-2-x%C3%ADcara-de-ch%C3%A1,Produto Vitao,15,71,0.2,2.8,6.5,0.6,4.6,0.2,6
Vitao Fécula de Batata,https://www.fatsecret.com.br/calorias-nutri%C3%A7%C3%A3o/vitao/f%C3%A9cula-de-batata/2-colheres-de-sopa,Produto Vitao,20,66,16.0,0.0,0.0,0.0,0.0,0.0,10
Vitao Chocolate Ao Leite Crocante Zero Açúcar,https://www.fatsecret.com.br/calorias-nutri%C3%A7%C3%A3o/vitao/chocolate-ao-leite-crocante-zero-a%C3%A7%C3%BAcar/1-unidade,Produto Vitao,30,141,15.0,2.3,9.3,5.5,2.3,0.0,37
Vitao Snack Assado Sabor Pizza,https://www.fatsecret.com.br/calorias-nutri%C3%A7%C3%A3o/vitao/snack-assado-sabor-pizza/1-pacote,Produto Vitao,30,134,19.0,1.8,5.2,1.0,1.8,0.0,47
Vitao Granola Tradicional Original,https://www.fatsecret.com.br/calorias-nutri%C3%A7%C3%A3o/vitao/granola-tradicional-original/1-2-x%C3%ADcara,Produto Vitao,40,158,30.0,4.5,2.9,0.6,3.5,0.0,7
Vitao Diet Cookies Integrais Laranja,https://www.fatsecret.com.br/calorias-nutri%C3%A7%C3%A3o/vitao/diet-cookies-integrais-laranja/5-unidades,Produto Vitao,30,114,19.0,2.4,2.8,0.6,0.0,0.7,102
Vitao Farinha de Centeio,https://www.fatsecret.com.br/calorias-nutri%C3%A7%C3%A3o/vitao/farinha-de-centeio/1-por%C3%A7%C3%A3o,Produto Vitao,50,162,34.0,8.0,1.1,0.0,12.0,0.0,0
Vitao Granola Tradicional Zero Açúcar,https://www.fatsecret.com.br/calorias-nutri%C3%A7%C3%A3o/vitao/granola-tradicional-zero-a%C3%A7%C3%BAcar/1-2-x%C3%ADcara,Produto Vitao,40,164,23.0,4.5,4.3,1.0,5.0,0.0,55
Vitao Viccio Avelã,https://www.fatsecret.com.br/calorias-nutri%C3%A7%C3%A3o/vitao/viccio-avel%C3%A3/2-unidades,Produto Vitao,30,152,15.0,2.0,9.2,2.4,1.7,0.2,12
Vitao Cookies Integrais Castanha do Pará,https://www.fatsecret.com.br/calorias-nutri%C3%A7%C3%A3o/vitao/cookies-integrais-castanha-do-par%C3%A1/4-unidades,Produto Vitao,30,127,17.0,2.3,5.2,1.2,3.4,1.3,76
Vitao Biscoitos Integrais de Aveia,https://www.fatsecret.com.br/calorias-nutri%C3%A7%C3%A3o/vitao/biscoitos-integrais-de-aveia/4-unidades,Produto Vitao,30,130,18.0,2.5,5.2,1.1,2.3,0.0,74
Vitao Chocolate Meio Amargo,https://www.fatsecret.com.br/calorias-nutri%C3%A7%C3%A3o/vitao/chocolate-meio-amargo/1-unidade,Produto Vitao,22,123,10.0,1.2,8.2,4.9,2.7,0.0,1
Vitao Psyllium,https://www.fatsecret.com.br/calorias-nutri%C3%A7%C3%A3o/vitao/psyllium/100g,Produto Vitao,100,480,80.0,0.0,0.0,0.0,80.0,0.0,120
Vitao Doce de Leite com Coco Zero Adição de Açúcares,https://www.fatsecret.com.br/calorias-nutri%C3%A7%C3%A3o/vitao/doce-de-leite-com-coco-zero-adi%C3%A7%C3%A3o-de-a%C3%A7%C3%BAcares/1-colher-de-sopa,Produto Vitao,20,61,8.0,2.0,2.3,1.5,0.2,0.0,60
Vitao Chocolate Zero Lactose,https://www.fatsecret.com.br/calorias-nutri%C3%A7%C3%A3o/vitao/chocolate-zero-lactose/1-por%C3%A7%C3%A3o,Produto Vitao,22,123,12.0,0.0,7.0,4.3,2.3,0.0,0
Vitao Goiabada Zero,https://www.fatsecret.com.br/calorias-nutri%C3%A7%C3%A3o/vitao/goiabada-zero/1-colher-de-sopa,Produto Vitao,20,34,7.0,0.5,0.0,0.0,0.7,0.0,3
Vitao Viccio Ao Leite,https://www.fatsecret.com.br/calorias-nutri%C3%A7%C3%A3o/vitao/viccio-ao-leite/1-por%C3%A7%C3%A3o,Produto Vitao,30,141,15.0,2.6,7.8,2.3,1.2,0.1,24
Vitao Chocolate Meio Amargo Proteínas,https://www.fatsecret.com.br/calorias-nutri%C3%A7%C3%A3o/vitao/chocolate-meio-amargo-prote%C3%ADnas/1-unidade,Produto Vitao,30,142,11.0,5.0,10.0,6.0,2.7,0.0,18
Vitao Geleia de Frutas Vermelhas,https://www.fatsecret.com.br/calorias-nutri%C3%A7%C3%A3o/vitao/geleia-de-frutas-vermelhas/1-colher-de-sopa,Produto Vitao,20,11,2.0,0.0,0.0,0.0,1.0,0.0,10
Vitao Gergelim,https://www.fatsecret.com.br/calorias-nutri%C3%A7%C3%A3o/vitao/gergelim/1-colher-de-sopa,Produto Vitao,15,88,3.2,3.2,7.6,1.2,1.8,0.0,0
Vitao Doce de Abóbora com Coco,https://www.fatsecret.com.br/calorias-nutri%C3%A7%C3%A3o/vitao/doce-de-ab%C3%B3bora-com-coco/1-colher-de-sopa,Produto Vitao,20,22,6.2,0.0,0.0,0.0,0.0,0.0,0
Vitao Sobremesa Láctea Sabor Leite Condensado,https://www.fatsecret.com.br/calorias-nutri%C3%A7%C3%A3o/vitao/sobremesa-l%C3%A1ctea-sabor-leite-condensado/1-colher-de-sopa,Produto Vitao,20,46,7.0,1.3,1.4,0.3,0.0,0.9,24
Vitao Mix para Bolo sem Glúten Chocolate,https://www.fatsecret.com.br/calorias-nutri%C3%A7%C3%A3o/vitao/mix-para-bolo-sem-gl%C3%BAten-chocolate/1-por%C3%A7%C3%A3o,Produto Vitao,47,169,40.0,1.3,0.0,0.0,0.9,18.7,15
Vitao Bolo De Caneca Baunilha,https://www.fatsecret.com.br/calorias-nutri%C3%A7%C3%A3o/vitao/bolo-de-caneca-baunilha/1-por%C3%A7%C3%A3o,Produto Vitao,55,210,42.0,4.4,3.0,0.9,11.0,0.1,150
Vitao Granola Integral Cacau e Coco,https://www.fatsecret.com.br/calorias-nutri%C3%A7%C3%A3o/vitao/granola-integral-cacau-e-coco/1-2-x%C3%ADcara-de-ch%C3%A1,Produto Vitao,40,154,24.0,3.9,4.6,1.2,2.8,0.0,13
Vitao Rolinho Wafer,https://www.fatsecret.com.br/calorias-nutri%C3%A7%C3%A3o/vitao/rolinho-wafer/100g,Produto Vitao,100,377,79.0,7.2,3.2,1.0,1.9,1.0,207
Vitao Farinha de Linhaça,https://www.fatsecret.com.br/calorias-nutri%C3%A7%C3%A3o/vitao/farinha-de-linha%C3%A7a/1-2-x%C3%ADcara-de-ch%C3%A1,Produto Vitao,50,135,1.3,14.0,8.2,1.0,0.0,0.0,43
Vitao Farinha de Soja,https://www.fatsecret.com.br/calorias-nutri%C3%A7%C3%A3o/vitao/farinha-de-soja/1-2-x%C3%ADcara-de-ch%C3%A1,Produto Vitao,50,149,8.5,26.0,1.0,0.0,8.0,0.0,0
Vitao Granola Integral Tradicional com Castanhas,https://www.fatsecret.com.br/calorias-nutri%C3%A7%C3%A3o/vitao/granola-integral-tradicional-com-castanhas/1-2-x%C3%ADcara-de-ch%C3%A1,Produto Vitao,40,164,23.0,4.5,4.3,1.0,3.1,0.0,28
Vitao Doce de Leite Zero,https://www.fatsecret.com.br/calorias-nutri%C3%A7%C3%A3o/vitao/doce-de-leite-zero/1-por%C3%A7%C3%A3o,Produto Vitao,20,61,8.0,2.2,2.2,1.3,0.1,0.0,52
Vitao Cocada Ao Leite,https://www.fatsecret.com.br/calorias-nutri%C3%A7%C3%A3o/vitao/cocada-ao-leite/1-colher,Produto Vitao,20,57,7.0,1.7,2.5,0.9,0.0,1.6,27
Vitao Biscoitos Integrais,https://www.fatsecret.com.br/calorias-nutri%C3%A7%C3%A3o/vitao/biscoitos-integrais/3-biscoitos,Produto Vitao,30,135,21.0,2.8,4.4,0.6,2.0,0.0,77
Vitao Cookies Integral Morango com Cobertura de Chocolate,https://www.fatsecret.com.br/calorias-nutri%C3%A7%C3%A3o/vitao/cookies-integral-morango-com-cobertura-de-chocolate/1-por%C3%A7%C3%A3o,Produto Vitao,30,120,17.0,2.1,4.9,2.6,1.5,1.2,79
Vitao Germen e Fibra de Trigo,https://www.fatsecret.com.br/calorias-nutri%C3%A7%C3%A3o/vitao/germen-e-fibra-de-trigo/1-colher-de-sopa,Produto Vitao,10,28,3.3,2.1,0.7,0.0,2.5,0.0,0
Vitao Snacks Integrais Tomate e Orégano,https://www.fatsecret.com.br/calorias-nutri%C3%A7%C3%A3o/vitao/snacks-integrais-tomate-e-or%C3%A9gano/2-x%C3%ADcaras-de-ch%C3%A1,Produto Vitao,25,104,14.0,2.1,4.4,1.5,2.8,0.0,168
Vitao Cocada com Cobertura de Chocolate Branco,https://www.fatsecret.com.br/calorias-nutri%C3%A7%C3%A3o/vitao/cocada-com-cobertura-de-chocolate-branco/1-cocada,Produto Vitao,22,125,13.0,0.2,8.0,3.3,0.2,2.1,8
Vitao Vitao Nuts Torrado e Salgado,https://www.fatsecret.com.br/calorias-nutri%C3%A7%C3%A3o/vitao/vitao-nuts-torrado-e-salgado/1-por%C3%A7%C3%A3o,Produto Vitao,15,92,1.7,3.3,7.7,1.3,1.4,0.0,63
Vitao Farinha de Trigo Integral Fina,https://www.fatsecret.com.br/calorias-nutri%C3%A7%C3%A3o/vitao/farinha-de-trigo-integral-fina/1-xicara-de-ch%C3%A1,Produto Vitao,50,170,36.0,6.6,1.2,0.2,5.4,0.0,1
Vitao Chocolate Dark 60% Cacau Mix de Nuts,https://www.fatsecret.com.br/calorias-nutri%C3%A7%C3%A3o/vitao/chocolate-dark-60-cacau-mix-de-nuts/4-quadrados,Produto Vitao,25,140,11.0,1.7,9.9,4.9,3.0,0.1,0
Vitao Beijinho Zero Açúcar,https://www.fatsecret.com.br/calorias-nutri%C3%A7%C3%A3o/vitao/beijinho-zero-a%C3%A7%C3%BAcar/1-colher-de-sopa,Produto Vitao,20,66,12.0,1.7,2.9,2.0,0.0,2.6,32
Vitao Marcante 50% Cacau Zero Lactose,https://www.fatsecret.com.br/calorias-nutri%C3%A7%C3%A3o/vitao/marcante-50-cacau-zero-lactose/1-por%C3%A7%C3%A3o,Produto Vitao,22,146,11.0,0.8,8.2,4.9,3.2,0.1,0
Vitao Cookies Baunilha com Gotas de Chocolate sem Glúten,https://www.fatsecret.com.br/calorias-nutri%C3%A7%C3%A3o/vitao/cookies-baunilha-com-gotas-de-chocolate-sem-gl%C3%BAten/7-unidades,Produto Vitao,30,128,20.0,1.3,4.7,1.3,2.0,0.0,72
Vitao Spaguetti Massa Integral,https://www.fatsecret.com.br/calorias-nutri%C3%A7%C3%A3o/vitao/spaguetti-massa-integral/1-x%C3%ADcara-de-ch%C3%A1,Produto Vitao,80,284,55.0,12.0,2.0,0.7,7.5,0.0,0
Vitao Fibra de Soja,https://www.fatsecret.com.br/calorias-nutri%C3%A7%C3%A3o/vitao/fibra-de-soja/1-colher-de-sopa,Produto Vitao,10,18,4.5,3.9,0.0,0.0,4.5,0.0,4
Vitao Snacks Ervas Finas Vegano,https://www.fatsecret.com.br/calorias-nutri%C3%A7%C3%A3o/vitao/snacks-ervas-finas-vegano/2-x%C3%ADcaras-de-ch%C3%A1,Produto Vitao,25,109,15.0,2.1,4.5,1.5,1.6,0.0,104
Vitao Maçã Desidratada,https://www.fatsecret.com.br/calorias-nutri%C3%A7%C3%A3o/vitao/ma%C3%A7%C3%A3-desidratada/1-saco,Produto Vitao,30,96,23.0,0.6,0.0,0.0,1.3,19.0,6
Vitao Cookies Integrais Frutas Vermelhas,https://www.fatsecret.com.br/calorias-nutri%C3%A7%C3%A3o/vitao/cookies-integrais-frutas-vermelhas/4-unidades,Produto Vitao,30,136,22.0,1.9,4.7,0.8,1.8,0.0,66
Vitao Granola Zero Açúcar Maçã E Canela,https://www.fatsecret.com.br/calorias-nutri%C3%A7%C3%A3o/vitao/granola-zero-a%C3%A7%C3%BAcar-ma%C3%A7%C3%A3-e-canela/1-serving,Produto Vitao,40,151,26.0,3.9,3.7,0.7,2.4,0.0,3
Vitao Leite Condensado Zero Açúcar,https://www.fatsecret.com.br/calorias-nutri%C3%A7%C3%A3o/vitao/leite-condensado-zero-a%C3%A7%C3%BAcar/1-colher-de-sopa,Produto Vitao,20,18,3.0,0.6,0.6,0.3,0.0,0.9,24
Vitao Biscoito Integral Gérmen e Mel,https://www.fatsecret.com.br/calorias-nutri%C3%A7%C3%A3o/vitao/biscoito-integral-g%C3%A9rmen-e-mel/1-por%C3%A7%C3%A3o,Produto Vitao,30,127,19.0,2.8,4.3,0.7,1.5,0.0,79
Vitao Cookies Integrais Cacau,https://www.fatsecret.com.br/calorias-nutri%C3%A7%C3%A3o/vitao/cookies-integrais-cacau/4-unidades,Produto Vitao,30,122,19.0,2.5,3.6,0.8,2.4,2.4,75
Vitao Vitao Nuts + Frutas Secas,https://www.fatsecret.com.br/calorias-nutri%C3%A7%C3%A3o/vitao/vitao-nuts-frutas-secas/1-colher-de-sopa,Produto Vitao,15,81,4.9,2.0,5.6,1.0,1.1,0.0,20
Vitao Farinha de Aveia sem Glúten,https://www.fatsecret.com.br/calorias-nutri%C3%A7%C3%A3o/vitao/farinha-de-aveia-sem-gl%C3%BAten/100g,Produto Vitao,100,375,54.0,18.0,7.6,1.3,8.4,0.0,16
Vitao Cookies Sabor Chocolate com Gotas Sabor Chocolate,https://www.fatsecret.com.br/calorias-nutri%C3%A7%C3%A3o/vitao/cookies-sabor-chocolate-com-gotas-sabor-chocolate/1-por%C3%A7%C3%A3o,Produto Vitao,20,90,11.0,1.7,3.3,0.8,1.5,0.2,32
Vitao Farinha de Aveia,https://www.fatsecret.com.br/calorias-nutri%C3%A7%C3%A3o/vitao/farinha-de-aveia/1-2-x%C3%ADcara-d%C3%A9-ch%C3%A1,Produto Vitao,50,187,27.0,9.2,3.0,0.7,4.2,0.0,0
Vitao Cookies Integrais,https://www.fatsecret.com.br/calorias-nutri%C3%A7%C3%A3o/vitao/cookies-integrais/2-unidades,Produto Vitao,20,90,11.0,1.5,3.2,0.8,1.3,0.2,33
Vitao Cookies Integrais sem Glúten Castanha do Pará,https://www.fatsecret.com.br/calorias-nutri%C3%A7%C3%A3o/vitao/cookies-integrais-sem-gl%C3%BAten-castanha-do-par%C3%A1/8-unidades,Produto Vitao,30,134,20.0,1.1,5.1,1.0,2.1,0.0,64
Vitao Cookies Integrais Banana,https://www.fatsecret.com.br/calorias-nutri%C3%A7%C3%A3o/vitao/cookies-integrais-banana/5-unidades,Produto Vitao,30,116,19.0,2.5,3.4,0.6,3.8,0.0,77
Vitao Viccio Dark,https://www.fatsecret.com.br/calorias-nutri%C3%A7%C3%A3o/vitao/viccio-dark/1-por%C3%A7%C3%A3o,Produto Vitao,30,152,15.0,2.0,9.2,2.6,1.6,0.1,4
Vitao Cookies Integrais Light Baunilha com Gotas de Chocolate,https://www.fatsecret.com.br/calorias-nutri%C3%A7%C3%A3o/vitao/cookies-integrais-light-baunilha-com-gotas-de-chocolate/5-unidades,Produto Vitao,30,121,22.0,1.8,4.5,1.4,2.9,1.2,67
Vitao Chocolate Proteico Ao Leite Soulpro Zero,https://www.fatsecret.com.br/calorias-nutri%C3%A7%C3%A3o/vitao/chocolate-proteico-ao-leite-soulpro-zero/1-unidade,Produto Vitao,40,236,14.0,8.4,14.0,7.9,0.6,2.6,40
Vitao Leite Condensado Diet,https://www.fatsecret.com.br/calorias-nutri%C3%A7%C3%A3o/vitao/leite-condensado-diet/1-colher-de-sopa,Produto Vitao,20,44,7.0,1.4,1.4,0.8,0.0,2.1,24
Vitao Arroz Agulha Integral,https://www.fatsecret.com.br/calorias-nutri%C3%A7%C3%A3o/vitao/arroz-agulha-integral/1-4-x%C3%ADcara,Produto Vitao,50,184,38.0,3.7,1.6,0.3,1.8,0.0,0
Vitao Biscoitos Integrais com Gergelim,https://www.fatsecret.com.br/calorias-nutri%C3%A7%C3%A3o/vitao/biscoitos-integrais-com-gergelim/4-unidades,Produto Vitao,30,139,20.0,2.9,5.3,0.7,2.1,5.7,80
Vitao Granola Proteica Soulpro,https://www.fatsecret.com.br/calorias-nutri%C3%A7%C3%A3o/vitao/granola-proteica-soulpro/1-por%C3%A7%C3%A3o,Produto Vitao,40,157,22.0,8.4,3.4,0.5,3.4,6.3,27000
Vitao Geleia de Uva Zero,https://www.fatsecret.com.br/calorias-nutri%C3%A7%C3%A3o/vitao/geleia-de-uva-zero/1-colher-sopa,Produto Vitao,20,16,3.6,0.0,0.0,0.0,0.0,0.0,7
Vitao Chocolate Dark 70% Nibs de Cacau,https://www.fatsecret.com.br/calorias-nutri%C3%A7%C3%A3o/vitao/chocolate-dark-70-nibs-de-cacau/1-por%C3%A7%C3%A3o,Produto Vitao,25,142,9.0,2.2,10.0,6.1,2.7,0.1,0
Vitao Cookies Integrais Maçã e Canela,https://www.fatsecret.com.br/calorias-nutri%C3%A7%C3%A3o/vitao/cookies-integrais-ma%C3%A7%C3%A3-e-canela/4-unidades,Produto Vitao,30,123,17.0,2.1,4.9,2.6,1.7,1.2,68
Vitao Cookies Maçã Canela Cobertura de Chocolate,https://www.fatsecret.com.br/calorias-nutri%C3%A7%C3%A3o/vitao/cookies-ma%C3%A7%C3%A3-canela-cobertura-de-chocolate/5-1-2-unidades,Produto Vitao,30,123,18.0,2.2,4.5,1.6,2.7,0.1,70
Vitao Rosquinha sem Glúten,https://www.fatsecret.com.br/calorias-nutri%C3%A7%C3%A3o/vitao/rosquinha-sem-gl%C3%BAten/100g,Produto Vitao,100,450,67.0,2.9,16.0,2.6,6.1,12.0,299
Vitao Bananada com Cobertura Chocolate Meio Amargo,https://www.fatsecret.com.br/calorias-nutri%C3%A7%C3%A3o/vitao/bananada-com-cobertura-chocolate-meio-amargo/1-unidade,Produto Vitao,22,35,5.0,0.0,1.4,0.0,1.1,0.0,20
Vitao Flocos de Quinoa,https://www.fatsecret.com.br/calorias-nutri%C3%A7%C3%A3o/vitao/flocos-de-quinoa/1-por%C3%A7ao,Produto Vitao,45,162,28.0,6.0,2.7,0.0,3.0,0.0,0
Vitao Açúcar Mascavo,https://www.fatsecret.com.br/calorias-nutri%C3%A7%C3%A3o/vitao/a%C3%A7%C3%BAcar-mascavo/1-colher-de-ch%C3%A1,Produto Vitao,5,20,5.0,0.0,0.0,0.0,0.0,5.0,0
Vitao Cookies Integrais Cacau com Gotas de Chocolate,https://www.fatsecret.com.br/calorias-nutri%C3%A7%C3%A3o/vitao/cookies-integrais-cacau-com-gotas-de-chocolate/4-unidades,Produto Vitao,30,132,20.0,2.0,4.7,1.2,1.4,0.0,54
Vitao Chocolate Zero com Cereais,https://www.fatsecret.com.br/calorias-nutri%C3%A7%C3%A3o/vitao/chocolate-zero-com-cereais/1-unidade,Produto Vitao,30,144,6.2,2.5,8.6,5.3,2.3,0.0,37
Vitao Psyllium,https://www.fatsecret.com.br/calorias-nutri%C3%A7%C3%A3o/vitao/psyllium/1-colher-de-sopa,Produto Vitao,10,48,8.0,0.0,0.0,0.0,8.0,0.0,15
Vitao Granola Integral,https://www.fatsecret.com.br/calorias-nutri%C3%A7%C3%A3o/vitao/granola-integral/1-por%C3%A7%C3%A3o,Produto Vitao,40,156,23.0,4.4,2.8,0.6,3.1,0.0,0
Vitao Doce de Leite com Cobertura Chocolate Meio Amargo,https://www.fatsecret.com.br/calorias-nutri%C3%A7%C3%A3o/vitao/doce-de-leite-com-cobertura-chocolate-meio-amargo/1-por%C3%A7%C3%A3o,Produto Vitao,22,38,4.0,0.6,2.2,0.4,0.0,0.9,14
Vitao Cookies Integrais,https://www.fatsecret.com.br/calorias-nutri%C3%A7%C3%A3o/vitao/cookies-integrais/4-unidades,Produto Vitao,30,132,20.0,2.0,4.7,1.2,1.4,0.0,54
Vitao Chocolate Ao Leite Com Cereais,https://www.fatsecret.com.br/calorias-nutri%C3%A7%C3%A3o/vitao/chocolate-ao-leite-com-cereais/1-por%C3%A7%C3%A3o,Produto Vitao,30,141,15.0,2.3,9.3,5.5,2.3,2.7,37
Vitao Chocolate Dark 70%,https://www.fatsecret.com.br/calorias-nutri%C3%A7%C3%A3o/vitao/chocolate-dark-70/4-quadrados,Produto Vitao,25,167,7.0,2.0,14.5,6.1,3.3,0.0,0
Vitao Cookies Integral de Cacau com Cobertura Sabor Chocolate Branco,https://www.fatsecret.com.br/calorias-nutri%C3%A7%C3%A3o/vitao/cookies-integral-de-cacau-com-cobertura-sabor-chocolate-branco/3-unidades,Produto Vitao,30,122,15.0,1.2,6.2,3.2,0.9,0.0,38
